[{"pk": 1, "model": "sites.site", "fields": {"domain": "example.com", "name": "example.com"}}, {"pk": 5, "model": "auth.user", "fields": {"username": "marijus", "first_name": "", "last_name": "", "is_active": true, "is_superuser": true, "is_staff": true, "last_login": "2014-12-17T04:09:40Z", "groups": [], "user_permissions": [], "password": "pbkdf2_sha256$12000$7Fc55wXCDOVd$dnEAB8xRv3+8syIbKjDAmtx19DdN+s/FvqZ5H6+9Q8Y=", "email": "marijus.merkevicius@gmail.com", "date_joined": "2014-12-05T12:22:27Z"}}, {"pk": 6, "model": "auth.user", "fields": {"username": "gaidys", "first_name": "", "last_name": "", "is_active": true, "is_superuser": false, "is_staff": false, "last_login": "2014-12-05T12:25:16Z", "groups": [], "user_permissions": [], "password": "pbkdf2_sha256$12000$T6cMowHKIULv$QX4cgjO+hmbbqkLiWb0A1ppYLtriROOOopl9/AmXbKE=", "email": "tavotevs@gmail.com", "date_joined": "2014-12-05T12:25:15Z"}}, {"pk": 7, "model": "auth.user", "fields": {"username": "karolis", "first_name": "", "last_name": "", "is_active": true, "is_superuser": false, "is_staff": false, "last_login": "2014-12-05T13:51:37Z", "groups": [], "user_permissions": [], "password": "pbkdf2_sha256$12000$t4l9Yj909if2$eSaDGB/9WyfnLalvKVO5ut6LwozU60o7PhCUrcdcR2M=", "email": "karolis@gmail.com", "date_joined": "2014-12-05T13:51:37Z"}}, {"pk": 8, "model": "auth.user", "fields": {"username": "nesamone", "first_name": "", "last_name": "", "is_active": true, "is_superuser": false, "is_staff": false, "last_login": "2014-12-05T13:53:14Z", "groups": [], "user_permissions": [], "password": "pbkdf2_sha256$12000$gutiGPTDZyZF$ncgolAGoScqp0C1WyTVX5WDMNWeCUJsnbOyY/+O/ywg=", "email": "nesamone@gmail.com", "date_joined": "2014-12-05T13:53:13Z"}}, {"pk": 9, "model": "auth.user", "fields": {"username": "greta", "first_name": "", "last_name": "", "is_active": true, "is_superuser": false, "is_staff": false, "last_login": "2014-12-07T13:53:29Z", "groups": [], "user_permissions": [], "password": "pbkdf2_sha256$12000$zwcFuO5bt5YA$cIuPYk8jDBksPrI6SFe19iujxzv/NURWj0qul0IgDM0=", "email": "gretaduxe@gmail.com", "date_joined": "2014-12-07T13:53:15Z"}}, {"pk": 10, "model": "auth.user", "fields": {"username": "wtf", "first_name": "", "last_name": "", "is_active": true, "is_superuser": false, "is_staff": false, "last_login": "2014-12-17T03:37:15Z", "groups": [], "user_permissions": [], "password": "pbkdf2_sha256$12000$18JYUNJ6vIpZ$s3AZoForOP8hJnkORa2i52XzQxzfAsXZaLiil10PJL4=", "email": "wtf@wtf.com", "date_joined": "2014-12-17T03:37:14Z"}}, {"pk": 1, "model": "recipes.category", "fields": {"title": "Pusryciai"}}, {"pk": 1, "model": "recipes.measurement", "fields": {"short_title": "kg", "title": "Kilogramai"}}, {"pk": 2, "model": "recipes.measurement", "fields": {"short_title": "vnt", "title": "Vienetai"}}, {"pk": 3, "model": "recipes.measurement", "fields": {"short_title": "gr", "title": "Gramai"}}, {"pk": 11, "model": "recipes.product", "fields": {"photo": "products/Zadama-kad-kiausiniai-pries-Velykas-nebrangs_articlethumb580.jpg", "description": "Juos deda vi\u0161tos", "title": "Kiau\u0161iniai"}}, {"pk": 12, "model": "recipes.product", "fields": {"photo": "products/Bright_red_tomato_and_cross_section02.jpg", "description": "Sveiki ir sultingiSveiki ir sultingiSveiki ir sultingiSveiki ir sultingiSveiki ir sultingiSveiki ir sultingiSveiki ir sultingi", "title": "Pomidorai"}}, {"pk": 14, "model": "recipes.product", "fields": {"photo": "products/agurkai_1.jpg", "description": "Zole, bet ne zole, su ", "title": "Agurkai"}}, {"pk": 17, "model": "recipes.product", "fields": {"photo": "products/svogunas_2.jpg", "description": "Dailus ir sveikas", "title": "Svogunas"}}, {"pk": 18, "model": "recipes.product", "fields": {"photo": "products/Pekino_kopustai_Sprinkin.jpg", "description": "Traskus ir zali", "title": "Pekino kopustas"}}, {"pk": 19, "model": "recipes.product", "fields": {"photo": "products/pic_peppers1.jpg", "description": "Geltona, raudona ar zalia", "title": "Paprika"}}, {"pk": 20, "model": "recipes.product", "fields": {"photo": "products/Peppercorns1.JPG", "description": "Ivairus prieskoniai", "title": "Prieskoniai"}}, {"pk": 21, "model": "recipes.product", "fields": {"photo": "products/Carrot1.jpg", "description": "Sviezios, tik is mociutes darzo!", "title": "Morkos"}}, {"pk": 22, "model": "recipes.product", "fields": {"photo": "products/article-2389853-0B262DC000000578-428_634x351.jpg", "description": "ka tik po bulviakasio", "title": "Bulves"}}, {"pk": 23, "model": "recipes.product", "fields": {"photo": "products/Cesnakas-e1352281677922-300x214.jpg", "description": "cesnis", "title": "Cesnakas"}}, {"pk": 24, "model": "recipes.product", "fields": {"photo": "products/Broccoli.jpg", "description": "mmm, mano megstamiausias", "title": "Brokolis"}}, {"pk": 25, "model": "recipes.product", "fields": {"photo": "products/Baklazanai_Eggplanat-297x300.jpg", "description": "Visai kaip melyne po bomzo akim", "title": "Baklazanas"}}, {"pk": 26, "model": "recipes.product", "fields": {"photo": "products/ebd8a7832e366facdc471f89490079d8.jpg", "description": "fu", "title": "Kiauliena"}}, {"pk": 27, "model": "recipes.product", "fields": {"photo": "products/557_ee22d897ec9a9b4493b3b9a30acd256f.jpg", "description": "Nesvarbu, kokia gyvuno, svarbu mesa", "title": "Farsas"}}, {"pk": 28, "model": "recipes.product", "fields": {"photo": "products/avokadas2.jpg", "description": "mmm", "title": "Avokadas"}}, {"pk": 29, "model": "recipes.product", "fields": {"photo": "products/burokeliai-63005838.jpg", "description": "Raudonas ir sultingas", "title": "Burokeliai"}}, {"pk": 30, "model": "recipes.product", "fields": {"photo": "products/96.jpg", "description": "wtf nx kiau\u0161inis", "title": "Kiau\u0161iniene"}}, {"pk": 12, "model": "recipes.productmeasurement", "fields": {"product": 11, "value": 1.0, "measurement": 2}}, {"pk": 13, "model": "recipes.productmeasurement", "fields": {"product": 12, "value": 3.5, "measurement": 2}}, {"pk": 23, "model": "recipes.ingridient", "fields": {"product": 12, "recipe": 25, "value": 0.5, "measurement": 2}}, {"pk": 24, "model": "recipes.ingridient", "fields": {"product": 11, "recipe": 28, "value": 3.0, "measurement": 2}}, {"pk": 25, "model": "recipes.ingridient", "fields": {"product": 17, "recipe": 29, "value": 1.0, "measurement": 2}}, {"pk": 26, "model": "recipes.ingridient", "fields": {"product": 18, "recipe": 30, "value": 123.0, "measurement": 1}}, {"pk": 27, "model": "recipes.ingridient", "fields": {"product": 11, "recipe": 31, "value": 1.0, "measurement": 2}}, {"pk": 1, "model": "recipes.fridge", "fields": {"products": [12, 13], "user": ["marijus"]}}, {"pk": 2, "model": "recipes.fridge", "fields": {"products": [], "user": ["gaidys"]}}, {"pk": 3, "model": "recipes.fridge", "fields": {"products": [], "user": ["karolis"]}}, {"pk": 4, "model": "recipes.fridge", "fields": {"products": [], "user": ["nesamone"]}}, {"pk": 5, "model": "recipes.fridge", "fields": {"products": [], "user": ["greta"]}}, {"pk": 6, "model": "recipes.fridge", "fields": {"products": [], "user": ["wtf"]}}, {"pk": 25, "model": "recipes.recipe", "fields": {"category": 1, "description": "Labai skanus greitai paruosiami sumustinukai", "title": "Vieno kasnio sumustiniai", "photo2": "images/avokadas2.jpg", "photo3": "images/Carrot1_8.jpg", "photo1": "images/vieno-kasnio-sumustiniai.jpg", "user": ["marijus"], "date": "2014-12-17T06:24:15Z", "slug": "vieno-kasnio-sumustiniai", "overall_rating": 6}}, {"pk": 28, "model": "recipes.recipe", "fields": {"category": 1, "description": "Greitai paruosiami virti kiausiniai", "title": "Virti kiausiniai su majonezu", "photo2": "", "photo3": "", "photo1": "images/wtf.jpg", "user": ["marijus"], "date": "2014-12-17T05:38:53Z", "slug": "virti-kiausiniai-su-majonezu", "overall_rating": 6}}, {"pk": 29, "model": "recipes.recipe", "fields": {"category": 1, "description": "Skani ir sveika koseSkani ir sveika koseSkani ir sveika koseSkani ir sveika koseSkani ir sveika koseSkani ir sveika koseSkani ir sveika koseSkani ir sveika kose", "title": "Avizine kose", "photo2": "", "photo3": "", "photo1": "images/avizine-kose-5900_4.jpg", "user": ["marijus"], "date": "2014-12-17T03:48:08Z", "slug": "avizine-kose", "overall_rating": 1}}, {"pk": 30, "model": "recipes.recipe", "fields": {"category": 1, "description": "silta ir skanu", "title": "Sriuba", "photo2": "", "photo3": "", "photo1": "images/sriuba-507c069bf33c0.jpg", "user": ["marijus"], "date": "2014-12-17T03:48:09Z", "slug": "sriuba", "overall_rating": 1}}, {"pk": 31, "model": "recipes.recipe", "fields": {"category": 1, "description": "Nesunkiai paruosiami bei skanus ", "title": "Lietiniai blynai", "photo2": "", "photo3": "", "photo1": "images/006fad31c2e09a8106db01108f41d7ecaa40f499.jpg", "user": ["wtf"], "date": "2014-12-17T05:57:17Z", "slug": "lietiniai-blynai", "overall_rating": 10}}, {"pk": 1, "model": "recipes.rating", "fields": {"rating": 3.0, "recipe": 25, "user": ["marijus"]}}, {"pk": 2, "model": "recipes.rating", "fields": {"rating": 6.0, "recipe": 28, "user": ["marijus"]}}, {"pk": 3, "model": "recipes.rating", "fields": {"rating": 10.0, "recipe": 25, "user": ["wtf"]}}, {"pk": 4, "model": "recipes.rating", "fields": {"rating": 10.0, "recipe": 31, "user": ["marijus"]}}, {"pk": 1, "model": "recipes.menu", "fields": {"recipes": [25, 28], "user": ["marijus"]}}, {"pk": 2, "model": "recipes.menu", "fields": {"recipes": [], "user": ["gaidys"]}}, {"pk": 3, "model": "recipes.menu", "fields": {"recipes": [], "user": ["karolis"]}}, {"pk": 4, "model": "recipes.menu", "fields": {"recipes": [], "user": ["nesamone"]}}, {"pk": 5, "model": "recipes.menu", "fields": {"recipes": [], "user": ["greta"]}}, {"pk": 6, "model": "recipes.menu", "fields": {"recipes": [25], "user": ["wtf"]}}, {"pk": 1, "model": "south.migrationhistory", "fields": {"applied": "2014-12-05T12:04:00Z", "app_name": "socialaccount", "migration": "0001_initial"}}, {"pk": 2, "model": "south.migrationhistory", "fields": {"applied": "2014-12-05T12:04:06Z", "app_name": "socialaccount", "migration": "0002_genericmodels"}}, {"pk": 3, "model": "south.migrationhistory", "fields": {"applied": "2014-12-05T12:04:07Z", "app_name": "socialaccount", "migration": "0003_auto__add_unique_socialaccount_uid_provider"}}, {"pk": 4, "model": "south.migrationhistory", "fields": {"applied": "2014-12-05T12:04:09Z", "app_name": "socialaccount", "migration": "0004_add_sites"}}, {"pk": 5, "model": "south.migrationhistory", "fields": {"applied": "2014-12-05T12:04:09Z", "app_name": "socialaccount", "migration": "0005_set_sites"}}, {"pk": 6, "model": "south.migrationhistory", "fields": {"applied": "2014-12-05T12:04:10Z", "app_name": "socialaccount", "migration": "0006_auto__del_field_socialapp_site"}}, {"pk": 7, "model": "south.migrationhistory", "fields": {"applied": "2014-12-05T12:04:11Z", "app_name": "socialaccount", "migration": "0007_auto__add_field_socialapp_client_id"}}, {"pk": 8, "model": "south.migrationhistory", "fields": {"applied": "2014-12-05T12:04:11Z", "app_name": "socialaccount", "migration": "0008_client_id"}}, {"pk": 9, "model": "south.migrationhistory", "fields": {"applied": "2014-12-05T12:04:12Z", "app_name": "socialaccount", "migration": "0009_auto__add_field_socialtoken_expires_at"}}, {"pk": 10, "model": "south.migrationhistory", "fields": {"applied": "2014-12-05T12:04:12Z", "app_name": "socialaccount", "migration": "0010_auto__chg_field_socialtoken_token"}}, {"pk": 11, "model": "south.migrationhistory", "fields": {"applied": "2014-12-05T12:04:13Z", "app_name": "socialaccount", "migration": "0011_auto__chg_field_socialtoken_token"}}, {"pk": 12, "model": "south.migrationhistory", "fields": {"applied": "2014-12-05T12:04:13Z", "app_name": "socialaccount", "migration": "0012_auto__chg_field_socialtoken_token_secret"}}, {"pk": 13, "model": "south.migrationhistory", "fields": {"applied": "2014-12-05T15:01:30Z", "app_name": "recipes", "migration": "0001_initial"}}, {"pk": 14, "model": "south.migrationhistory", "fields": {"applied": "2014-12-05T15:07:55Z", "app_name": "recipes", "migration": "0002_auto__add_ingridient"}}, {"pk": 15, "model": "south.migrationhistory", "fields": {"applied": "2014-12-05T15:13:47Z", "app_name": "recipes", "migration": "0003_auto__del_field_recipe_ingridients"}}, {"pk": 16, "model": "south.migrationhistory", "fields": {"applied": "2014-12-07T13:29:36Z", "app_name": "recipes", "migration": "0004_auto__add_measurment__add_ingridientmeasurement"}}, {"pk": 17, "model": "south.migrationhistory", "fields": {"applied": "2014-12-07T13:31:45Z", "app_name": "recipes", "migration": "0005_auto"}}, {"pk": 18, "model": "south.migrationhistory", "fields": {"applied": "2014-12-07T13:32:22Z", "app_name": "recipes", "migration": "0006_auto"}}, {"pk": 19, "model": "south.migrationhistory", "fields": {"applied": "2014-12-07T14:16:53Z", "app_name": "recipes", "migration": "0007_auto__del_measurment__del_ingridientmeasurement__del_ingridient__add_p"}}, {"pk": 20, "model": "south.migrationhistory", "fields": {"applied": "2014-12-07T15:16:33Z", "app_name": "recipes", "migration": "0008_auto__add_field_product_description__add_field_product_photo"}}, {"pk": 21, "model": "south.migrationhistory", "fields": {"applied": "2014-12-07T19:39:14Z", "app_name": "recipes", "migration": "0009_auto__chg_field_product_photo__chg_field_recipe_photo2__chg_field_reci"}}, {"pk": 22, "model": "south.migrationhistory", "fields": {"applied": "2014-12-07T23:26:40Z", "app_name": "recipes", "migration": "0010_auto__add_fridge"}}, {"pk": 23, "model": "south.migrationhistory", "fields": {"applied": "2014-12-10T03:45:45Z", "app_name": "recipes", "migration": "0011_auto__add_ingridient"}}, {"pk": 24, "model": "south.migrationhistory", "fields": {"applied": "2014-12-12T03:39:42Z", "app_name": "recipes", "migration": "0012_auto__del_field_recipe_visability"}}, {"pk": 25, "model": "south.migrationhistory", "fields": {"applied": "2014-12-12T03:49:46Z", "app_name": "recipes", "migration": "0013_auto__chg_field_recipe_photo2__chg_field_recipe_photo3"}}, {"pk": 26, "model": "south.migrationhistory", "fields": {"applied": "2014-12-12T07:13:01Z", "app_name": "recipes", "migration": "0014_auto__add_field_recipe_user"}}, {"pk": 27, "model": "south.migrationhistory", "fields": {"applied": "2014-12-12T07:15:37Z", "app_name": "recipes", "migration": "0015_auto__add_field_recipe_slug"}}, {"pk": 28, "model": "south.migrationhistory", "fields": {"applied": "2014-12-14T02:05:06Z", "app_name": "recipes", "migration": "0016_auto__add_menu"}}, {"pk": 29, "model": "south.migrationhistory", "fields": {"applied": "2014-12-16T08:43:35Z", "app_name": "recipes", "migration": "0017_auto__add_rating"}}, {"pk": 30, "model": "south.migrationhistory", "fields": {"applied": "2014-12-17T03:47:51Z", "app_name": "recipes", "migration": "0018_auto__add_field_recipe_date"}}, {"pk": 31, "model": "south.migrationhistory", "fields": {"applied": "2014-12-17T05:37:38Z", "app_name": "recipes", "migration": "0019_auto__add_field_recipe_overall_rating"}}, {"pk": "sorl-thumbnail||image||0d5639425a4cf51b5207f7f57bcd5ed9", "model": "thumbnail.kvstore", "fields": {"value": "{\"storage\": \"django.core.files.storage.FileSystemStorage\", \"name\": \"cache/d3/80/d38039629a1640e89d2aa7d56305115a.jpg\", \"size\": [300, 300]}"}}, {"pk": "sorl-thumbnail||image||1d42d5c55292d4cd3e9406691761b225", "model": "thumbnail.kvstore", "fields": {"value": "{\"storage\": \"django.core.files.storage.FileSystemStorage\", \"name\": \"cache/9a/b2/9ab29d54938a2818feb024c59ef88bef.jpg\", \"size\": [150, 150]}"}}, {"pk": "sorl-thumbnail||image||1ff4e02317b48284d23f51bfb1dd3705", "model": "thumbnail.kvstore", "fields": {"value": "{\"storage\": \"django.core.files.storage.FileSystemStorage\", \"name\": \"images/vieno-kasnio-sumustiniai.jpg\", \"size\": [700, 500]}"}}, {"pk": "sorl-thumbnail||image||213b4b542b27b45d1a3325610a7349ae", "model": "thumbnail.kvstore", "fields": {"value": "{\"storage\": \"django.core.files.storage.FileSystemStorage\", \"name\": \"products/miltai-60317601_2.jpg\", \"size\": [899, 600]}"}}, {"pk": "sorl-thumbnail||image||21c920e5070142cac2fefef93894b331", "model": "thumbnail.kvstore", "fields": {"value": "{\"storage\": \"django.core.files.storage.FileSystemStorage\", \"name\": \"cache/55/e4/55e43d987b9977bdb7b9c2c92a71149a.jpg\", \"size\": [300, 300]}"}}, {"pk": "sorl-thumbnail||image||2fe64c4a5d26b12d006f1de32b12db8f", "model": "thumbnail.kvstore", "fields": {"value": "{\"storage\": \"django.core.files.storage.FileSystemStorage\", \"name\": \"cache/52/d8/52d8e17f61e9b41c1bd6981230293597.jpg\", \"size\": [300, 300]}"}}, {"pk": "sorl-thumbnail||image||32cadd3b7ed9b3e765c958a6c24614da", "model": "thumbnail.kvstore", "fields": {"value": "{\"storage\": \"django.core.files.storage.FileSystemStorage\", \"name\": \"cache/e6/fd/e6fd596cf9830190dc86257f012a1e8e.jpg\", \"size\": [300, 300]}"}}, {"pk": "sorl-thumbnail||image||362f1fab558e2f473030a0f84aaba149", "model": "thumbnail.kvstore", "fields": {"value": "{\"storage\": \"django.core.files.storage.FileSystemStorage\", \"name\": \"cache/66/77/66773a17dbe2bb9b917d17de322d2856.jpg\", \"size\": [300, 300]}"}}, {"pk": "sorl-thumbnail||image||365e97d7b052261833d090aae2bc1ae5", "model": "thumbnail.kvstore", "fields": {"value": "{\"storage\": \"django.core.files.storage.FileSystemStorage\", \"name\": \"products/96.jpg\", \"size\": [552, 414]}"}}, {"pk": "sorl-thumbnail||image||3a2198fd1b9d4eadb1777b6e34b5460c", "model": "thumbnail.kvstore", "fields": {"value": "{\"storage\": \"django.core.files.storage.FileSystemStorage\", \"name\": \"products/Peppercorns1.JPG\", \"size\": [432, 383]}"}}, {"pk": "sorl-thumbnail||image||3ac4e501e74cc289fe32902d9f057ac1", "model": "thumbnail.kvstore", "fields": {"value": "{\"storage\": \"django.core.files.storage.FileSystemStorage\", \"name\": \"cache/cd/57/cd57d3aacbdf351f12b7a93c919edc41.jpg\", \"size\": [300, 300]}"}}, {"pk": "sorl-thumbnail||image||3d2b03bcaca9629f195f6bae6e5cad31", "model": "thumbnail.kvstore", "fields": {"value": "{\"storage\": \"django.core.files.storage.FileSystemStorage\", \"name\": \"images/Cesnakas-e1352281677922-300x214.jpg\", \"size\": [300, 214]}"}}, {"pk": "sorl-thumbnail||image||43cd71d3c70bf18e089b971ce6abc4bf", "model": "thumbnail.kvstore", "fields": {"value": "{\"storage\": \"django.core.files.storage.FileSystemStorage\", \"name\": \"cache/f3/e6/f3e6ee6e60523641e1ab1af8c8cd7b84.jpg\", \"size\": [300, 300]}"}}, {"pk": "sorl-thumbnail||image||47ac83e956d02a357ef9c3fd4b734da9", "model": "thumbnail.kvstore", "fields": {"value": "{\"storage\": \"django.core.files.storage.FileSystemStorage\", \"name\": \"products/burokeliai-63005838.jpg\", \"size\": [899, 602]}"}}, {"pk": "sorl-thumbnail||image||49f995ec1e95a2ad6b8052888d348249", "model": "thumbnail.kvstore", "fields": {"value": "{\"storage\": \"django.core.files.storage.FileSystemStorage\", \"name\": \"products/pic_peppers1.jpg\", \"size\": [304, 265]}"}}, {"pk": "sorl-thumbnail||image||4a07bc4647caaef3babb309b1a024dea", "model": "thumbnail.kvstore", "fields": {"value": "{\"storage\": \"django.core.files.storage.FileSystemStorage\", \"name\": \"cache/1e/80/1e806abfb67cc5242dccaa73330ba83c.jpg\", \"size\": [400, 400]}"}}, {"pk": "sorl-thumbnail||image||4c22bc66ce421da4d1d36ba1fa2a3aaa", "model": "thumbnail.kvstore", "fields": {"value": "{\"storage\": \"django.core.files.storage.FileSystemStorage\", \"name\": \"images/sriuba-507c069bf33c0.jpg\", \"size\": [680, 452]}"}}, {"pk": "sorl-thumbnail||image||530107621acb94c3abb15d593198200a", "model": "thumbnail.kvstore", "fields": {"value": "{\"storage\": \"django.core.files.storage.FileSystemStorage\", \"name\": \"images/avokadas2.jpg\", \"size\": [300, 225]}"}}, {"pk": "sorl-thumbnail||image||559cdedb4915c802621baf8750443642", "model": "thumbnail.kvstore", "fields": {"value": "{\"storage\": \"django.core.files.storage.FileSystemStorage\", \"name\": \"products/557_ee22d897ec9a9b4493b3b9a30acd256f.jpg\", \"size\": [800, 627]}"}}, {"pk": "sorl-thumbnail||image||56a8e7fda494541d6f3482d9c4a6da33", "model": "thumbnail.kvstore", "fields": {"value": "{\"storage\": \"django.core.files.storage.FileSystemStorage\", \"name\": \"cache/57/07/5707bbf9cfd63c2334ff1d5d3c0fa0e3.jpg\", \"size\": [300, 300]}"}}, {"pk": "sorl-thumbnail||image||579b2d72dd768864dbd949c0ad4787b4", "model": "thumbnail.kvstore", "fields": {"value": "{\"storage\": \"django.core.files.storage.FileSystemStorage\", \"name\": \"products/agurkai_1.jpg\", \"size\": [350, 435]}"}}, {"pk": "sorl-thumbnail||image||5989d4f8d50f3de3c1853cb2b21ad13b", "model": "thumbnail.kvstore", "fields": {"value": "{\"storage\": \"django.core.files.storage.FileSystemStorage\", \"name\": \"products/Carrot1.jpg\", \"size\": [550, 360]}"}}, {"pk": "sorl-thumbnail||image||5af4031a8de7863b907d8810a297b15e", "model": "thumbnail.kvstore", "fields": {"value": "{\"storage\": \"django.core.files.storage.FileSystemStorage\", \"name\": \"products/svogunas_2.jpg\", \"size\": [640, 480]}"}}, {"pk": "sorl-thumbnail||image||5ea276559783e1b7c8ea75f430a46e63", "model": "thumbnail.kvstore", "fields": {"value": "{\"storage\": \"django.core.files.storage.FileSystemStorage\", \"name\": \"cache/14/cb/14cb35e8b6dae90fee9399ed467ded40.jpg\", \"size\": [300, 300]}"}}, {"pk": "sorl-thumbnail||image||6530bcb7cb6c29bdd99e76a0db296b26", "model": "thumbnail.kvstore", "fields": {"value": "{\"storage\": \"django.core.files.storage.FileSystemStorage\", \"name\": \"cache/2a/be/2abe62ed6ffde6a83e60b23f1333e954.jpg\", \"size\": [300, 300]}"}}, {"pk": "sorl-thumbnail||image||73afa7641e6a2389e19d183b147eb977", "model": "thumbnail.kvstore", "fields": {"value": "{\"storage\": \"django.core.files.storage.FileSystemStorage\", \"name\": \"cache/ee/8d/ee8df00141dcb108f17ed87899a2c68b.jpg\", \"size\": [300, 300]}"}}, {"pk": "sorl-thumbnail||image||7af14dc75513b008a621883789eb007a", "model": "thumbnail.kvstore", "fields": {"value": "{\"storage\": \"django.core.files.storage.FileSystemStorage\", \"name\": \"images/Bright_red_tomato_and_cross_section02.jpg\", \"size\": [1600, 1067]}"}}, {"pk": "sorl-thumbnail||image||7dc31d2061a7ea967445f222d10c8795", "model": "thumbnail.kvstore", "fields": {"value": "{\"storage\": \"django.core.files.storage.FileSystemStorage\", \"name\": \"cache/24/64/2464917a1017f1832bb3e283d50663f9.jpg\", \"size\": [300, 300]}"}}, {"pk": "sorl-thumbnail||image||834bacb6f8c57408e9497d7e5feb5568", "model": "thumbnail.kvstore", "fields": {"value": "{\"storage\": \"django.core.files.storage.FileSystemStorage\", \"name\": \"products/Zadama-kad-kiausiniai-pries-Velykas-nebrangs_articlethumb580.jpg\", \"size\": [580, 386]}"}}, {"pk": "sorl-thumbnail||image||8a5e08d106b5664b567b83d244298cf1", "model": "thumbnail.kvstore", "fields": {"value": "{\"storage\": \"django.core.files.storage.FileSystemStorage\", \"name\": \"products/Baklazanai_Eggplanat-297x300.jpg\", \"size\": [297, 300]}"}}, {"pk": "sorl-thumbnail||image||952e577925debfa0ff2aeab02d3c2645", "model": "thumbnail.kvstore", "fields": {"value": "{\"storage\": \"django.core.files.storage.FileSystemStorage\", \"name\": \"cache/1d/95/1d9542dbd1674641e90dce9f16a667b8.jpg\", \"size\": [300, 300]}"}}, {"pk": "sorl-thumbnail||image||95855ae6b69214706a8680c7d1a47bcc", "model": "thumbnail.kvstore", "fields": {"value": "{\"storage\": \"django.core.files.storage.FileSystemStorage\", \"name\": \"cache/e4/1f/e41fce0cbd31fb89ffb0a301a8ea44b9.jpg\", \"size\": [300, 300]}"}}, {"pk": "sorl-thumbnail||image||9bc4c4b167f6c5952f8aa7355914a89d", "model": "thumbnail.kvstore", "fields": {"value": "{\"storage\": \"django.core.files.storage.FileSystemStorage\", \"name\": \"cache/25/cb/25cbb05f46434ee8c6958bbf6f5b0f7d.jpg\", \"size\": [300, 300]}"}}, {"pk": "sorl-thumbnail||image||a0fa855a28f39557aa794face8a1f6cf", "model": "thumbnail.kvstore", "fields": {"value": "{\"storage\": \"django.core.files.storage.FileSystemStorage\", \"name\": \"cache/20/56/2056882fde8a0733e1148f46881d490b.jpg\", \"size\": [300, 300]}"}}, {"pk": "sorl-thumbnail||image||a242996a055692d999cdc960e4449f2b", "model": "thumbnail.kvstore", "fields": {"value": "{\"storage\": \"django.core.files.storage.FileSystemStorage\", \"name\": \"cache/7f/fb/7ffb5a918fc3fbebe4e5c25ad455a92c.jpg\", \"size\": [300, 300]}"}}, {"pk": "sorl-thumbnail||image||abaf9c7ea4c43c8bfbf13afd9908b8aa", "model": "thumbnail.kvstore", "fields": {"value": "{\"storage\": \"django.core.files.storage.FileSystemStorage\", \"name\": \"images/96_7.jpg\", \"size\": [552, 414]}"}}, {"pk": "sorl-thumbnail||image||aedab05d9ebf0e4cc7d0182d735e8fb6", "model": "thumbnail.kvstore", "fields": {"value": "{\"storage\": \"django.core.files.storage.FileSystemStorage\", \"name\": \"images/Carrot1_8.jpg\", \"size\": [550, 360]}"}}, {"pk": "sorl-thumbnail||image||afaefb195955d307f14ed4c4253bffd4", "model": "thumbnail.kvstore", "fields": {"value": "{\"storage\": \"django.core.files.storage.FileSystemStorage\", \"name\": \"cache/b8/b4/b8b4d7097b2742aa1ba37683d3e1bd10.jpg\", \"size\": [100, 100]}"}}, {"pk": "sorl-thumbnail||image||b50f4e6da3cf85c0207ba2d88b75ad7c", "model": "thumbnail.kvstore", "fields": {"value": "{\"storage\": \"django.core.files.storage.FileSystemStorage\", \"name\": \"cache/58/46/5846a86217add8ada1a11e5f17640439.jpg\", \"size\": [300, 300]}"}}, {"pk": "sorl-thumbnail||image||b57903817ffb2d7c3bbbc9d292eb005f", "model": "thumbnail.kvstore", "fields": {"value": "{\"storage\": \"django.core.files.storage.FileSystemStorage\", \"name\": \"products/article-2389853-0B262DC000000578-428_634x351.jpg\", \"size\": [634, 351]}"}}, {"pk": "sorl-thumbnail||image||b7f9e2f0fa4074b8c86a8dd88922b6a5", "model": "thumbnail.kvstore", "fields": {"value": "{\"storage\": \"django.core.files.storage.FileSystemStorage\", \"name\": \"cache/76/0c/760c207721ad666b12cf5a8fb2219d38.jpg\", \"size\": [300, 300]}"}}, {"pk": "sorl-thumbnail||image||b8b118390fc185f78b00bcedf7924ffe", "model": "thumbnail.kvstore", "fields": {"value": "{\"storage\": \"django.core.files.storage.FileSystemStorage\", \"name\": \"cache/02/cb/02cb5a3fcb5ff1c4691d2a529cae2aac.jpg\", \"size\": [300, 300]}"}}, {"pk": "sorl-thumbnail||image||ca189f30fe143dfa406c598960c70a20", "model": "thumbnail.kvstore", "fields": {"value": "{\"storage\": \"django.core.files.storage.FileSystemStorage\", \"name\": \"products/Bright_red_tomato_and_cross_section02.jpg\", \"size\": [1600, 1067]}"}}, {"pk": "sorl-thumbnail||image||cbd3609bf6f623612e2446dc7883a491", "model": "thumbnail.kvstore", "fields": {"value": "{\"storage\": \"django.core.files.storage.FileSystemStorage\", \"name\": \"cache/21/da/21da4b28094b4f701ba0eef037a7249c.jpg\", \"size\": [300, 300]}"}}, {"pk": "sorl-thumbnail||image||ccedcad5b278dc3f3065b9c136fc4537", "model": "thumbnail.kvstore", "fields": {"value": "{\"storage\": \"django.core.files.storage.FileSystemStorage\", \"name\": \"images/006fad31c2e09a8106db01108f41d7ecaa40f499.jpg\", \"size\": [900, 598]}"}}, {"pk": "sorl-thumbnail||image||d3c1268883eb686ed27376d5130a62db", "model": "thumbnail.kvstore", "fields": {"value": "{\"storage\": \"django.core.files.storage.FileSystemStorage\", \"name\": \"products/Cesnakas-e1352281677922-300x214.jpg\", \"size\": [300, 214]}"}}, {"pk": "sorl-thumbnail||image||d5576d0f64d2f38eb29879e4a4a48765", "model": "thumbnail.kvstore", "fields": {"value": "{\"storage\": \"django.core.files.storage.FileSystemStorage\", \"name\": \"cache/6a/68/6a68247b060c154447117b839cd2b675.jpg\", \"size\": [600, 600]}"}}, {"pk": "sorl-thumbnail||image||d757236bcc787c010d9e91ef435ed7c7", "model": "thumbnail.kvstore", "fields": {"value": "{\"storage\": \"django.core.files.storage.FileSystemStorage\", \"name\": \"products/avokadas2.jpg\", \"size\": [300, 225]}"}}, {"pk": "sorl-thumbnail||image||d8889aff9a43e524f98856b32f2d236b", "model": "thumbnail.kvstore", "fields": {"value": "{\"storage\": \"django.core.files.storage.FileSystemStorage\", \"name\": \"cache/14/d8/14d841b8aa4d1526a074676040b80cfe.jpg\", \"size\": [500, 500]}"}}, {"pk": "sorl-thumbnail||image||d8d2161a746fc12d59e39fb7506fb00b", "model": "thumbnail.kvstore", "fields": {"value": "{\"storage\": \"django.core.files.storage.FileSystemStorage\", \"name\": \"cache/d7/15/d7151f58de99e75b8a5bcb8edda58e40.jpg\", \"size\": [300, 300]}"}}, {"pk": "sorl-thumbnail||image||d97b9df65bf3a671ea98091a55665c08", "model": "thumbnail.kvstore", "fields": {"value": "{\"storage\": \"django.core.files.storage.FileSystemStorage\", \"name\": \"cache/a3/5c/a35c919388e6b7dc15de10e2d2951a38.jpg\", \"size\": [300, 300]}"}}, {"pk": "sorl-thumbnail||image||da5723bbd2eff440e47309282b9f4b56", "model": "thumbnail.kvstore", "fields": {"value": "{\"storage\": \"django.core.files.storage.FileSystemStorage\", \"name\": \"products/ebd8a7832e366facdc471f89490079d8.jpg\", \"size\": [300, 300]}"}}, {"pk": "sorl-thumbnail||image||e25047a4230951a67e2bacab713f90ac", "model": "thumbnail.kvstore", "fields": {"value": "{\"storage\": \"django.core.files.storage.FileSystemStorage\", \"name\": \"cache/90/7c/907cd458b0cde66c7611584689359e2e.jpg\", \"size\": [150, 150]}"}}, {"pk": "sorl-thumbnail||image||e727bae3bfb1f62b5a8dc2ad66bcfca4", "model": "thumbnail.kvstore", "fields": {"value": "{\"storage\": \"django.core.files.storage.FileSystemStorage\", \"name\": \"cache/43/97/439791497f857eefeb2e6aa6e1f7ed22.jpg\", \"size\": [300, 300]}"}}, {"pk": "sorl-thumbnail||image||e9e616951354ca0228a7c0858fccc299", "model": "thumbnail.kvstore", "fields": {"value": "{\"storage\": \"django.core.files.storage.FileSystemStorage\", \"name\": \"cache/40/52/40522e7bb0a95e934e593c9066ae4389.jpg\", \"size\": [300, 300]}"}}, {"pk": "sorl-thumbnail||image||eb25c53b58b4dbd5e61fbc2d0a2b1b42", "model": "thumbnail.kvstore", "fields": {"value": "{\"storage\": \"django.core.files.storage.FileSystemStorage\", \"name\": \"images/wtf.jpg\", \"size\": [640, 480]}"}}, {"pk": "sorl-thumbnail||image||ec066b4d26e29e531e0009cdc0a9c69d", "model": "thumbnail.kvstore", "fields": {"value": "{\"storage\": \"django.core.files.storage.FileSystemStorage\", \"name\": \"products/Broccoli.jpg\", \"size\": [2221, 1666]}"}}, {"pk": "sorl-thumbnail||image||ef55ee5728e1d057fe2ad73c91a424b6", "model": "thumbnail.kvstore", "fields": {"value": "{\"storage\": \"django.core.files.storage.FileSystemStorage\", \"name\": \"products/Pekino_kopustai_Sprinkin.jpg\", \"size\": [350, 423]}"}}, {"pk": "sorl-thumbnail||image||f7247f024e8bce6ffcafb6519ee221b8", "model": "thumbnail.kvstore", "fields": {"value": "{\"storage\": \"django.core.files.storage.FileSystemStorage\", \"name\": \"cache/32/a9/32a969f6c0d65ece6651a96eb984c4a8.jpg\", \"size\": [300, 300]}"}}, {"pk": "sorl-thumbnail||image||fb56b2bc89cdecd7f90e09c498cc151e", "model": "thumbnail.kvstore", "fields": {"value": "{\"storage\": \"django.core.files.storage.FileSystemStorage\", \"name\": \"images/avizine-kose-5900_4.jpg\", \"size\": [535, 385]}"}}, {"pk": "sorl-thumbnail||thumbnails||1ff4e02317b48284d23f51bfb1dd3705", "model": "thumbnail.kvstore", "fields": {"value": "[\"56a8e7fda494541d6f3482d9c4a6da33\"]"}}, {"pk": "sorl-thumbnail||thumbnails||213b4b542b27b45d1a3325610a7349ae", "model": "thumbnail.kvstore", "fields": {"value": "[\"afaefb195955d307f14ed4c4253bffd4\", \"32cadd3b7ed9b3e765c958a6c24614da\"]"}}, {"pk": "sorl-thumbnail||thumbnails||365e97d7b052261833d090aae2bc1ae5", "model": "thumbnail.kvstore", "fields": {"value": "[\"95855ae6b69214706a8680c7d1a47bcc\"]"}}, {"pk": "sorl-thumbnail||thumbnails||3a2198fd1b9d4eadb1777b6e34b5460c", "model": "thumbnail.kvstore", "fields": {"value": "[\"d8d2161a746fc12d59e39fb7506fb00b\"]"}}, {"pk": "sorl-thumbnail||thumbnails||3d2b03bcaca9629f195f6bae6e5cad31", "model": "thumbnail.kvstore", "fields": {"value": "[\"3ac4e501e74cc289fe32902d9f057ac1\"]"}}, {"pk": "sorl-thumbnail||thumbnails||47ac83e956d02a357ef9c3fd4b734da9", "model": "thumbnail.kvstore", "fields": {"value": "[\"0d5639425a4cf51b5207f7f57bcd5ed9\"]"}}, {"pk": "sorl-thumbnail||thumbnails||49f995ec1e95a2ad6b8052888d348249", "model": "thumbnail.kvstore", "fields": {"value": "[\"b50f4e6da3cf85c0207ba2d88b75ad7c\"]"}}, {"pk": "sorl-thumbnail||thumbnails||4c22bc66ce421da4d1d36ba1fa2a3aaa", "model": "thumbnail.kvstore", "fields": {"value": "[\"43cd71d3c70bf18e089b971ce6abc4bf\"]"}}, {"pk": "sorl-thumbnail||thumbnails||530107621acb94c3abb15d593198200a", "model": "thumbnail.kvstore", "fields": {"value": "[\"1d42d5c55292d4cd3e9406691761b225\"]"}}, {"pk": "sorl-thumbnail||thumbnails||559cdedb4915c802621baf8750443642", "model": "thumbnail.kvstore", "fields": {"value": "[\"a0fa855a28f39557aa794face8a1f6cf\"]"}}, {"pk": "sorl-thumbnail||thumbnails||579b2d72dd768864dbd949c0ad4787b4", "model": "thumbnail.kvstore", "fields": {"value": "[\"362f1fab558e2f473030a0f84aaba149\"]"}}, {"pk": "sorl-thumbnail||thumbnails||5989d4f8d50f3de3c1853cb2b21ad13b", "model": "thumbnail.kvstore", "fields": {"value": "[\"7dc31d2061a7ea967445f222d10c8795\"]"}}, {"pk": "sorl-thumbnail||thumbnails||5af4031a8de7863b907d8810a297b15e", "model": "thumbnail.kvstore", "fields": {"value": "[\"a242996a055692d999cdc960e4449f2b\"]"}}, {"pk": "sorl-thumbnail||thumbnails||7af14dc75513b008a621883789eb007a", "model": "thumbnail.kvstore", "fields": {"value": "[\"952e577925debfa0ff2aeab02d3c2645\"]"}}, {"pk": "sorl-thumbnail||thumbnails||834bacb6f8c57408e9497d7e5feb5568", "model": "thumbnail.kvstore", "fields": {"value": "[\"73afa7641e6a2389e19d183b147eb977\"]"}}, {"pk": "sorl-thumbnail||thumbnails||8a5e08d106b5664b567b83d244298cf1", "model": "thumbnail.kvstore", "fields": {"value": "[\"e727bae3bfb1f62b5a8dc2ad66bcfca4\"]"}}, {"pk": "sorl-thumbnail||thumbnails||abaf9c7ea4c43c8bfbf13afd9908b8aa", "model": "thumbnail.kvstore", "fields": {"value": "[\"d8889aff9a43e524f98856b32f2d236b\", \"4a07bc4647caaef3babb309b1a024dea\", \"d5576d0f64d2f38eb29879e4a4a48765\", \"e9e616951354ca0228a7c0858fccc299\"]"}}, {"pk": "sorl-thumbnail||thumbnails||aedab05d9ebf0e4cc7d0182d735e8fb6", "model": "thumbnail.kvstore", "fields": {"value": "[\"e25047a4230951a67e2bacab713f90ac\"]"}}, {"pk": "sorl-thumbnail||thumbnails||b57903817ffb2d7c3bbbc9d292eb005f", "model": "thumbnail.kvstore", "fields": {"value": "[\"6530bcb7cb6c29bdd99e76a0db296b26\"]"}}, {"pk": "sorl-thumbnail||thumbnails||ca189f30fe143dfa406c598960c70a20", "model": "thumbnail.kvstore", "fields": {"value": "[\"9bc4c4b167f6c5952f8aa7355914a89d\"]"}}, {"pk": "sorl-thumbnail||thumbnails||ccedcad5b278dc3f3065b9c136fc4537", "model": "thumbnail.kvstore", "fields": {"value": "[\"b7f9e2f0fa4074b8c86a8dd88922b6a5\"]"}}, {"pk": "sorl-thumbnail||thumbnails||d3c1268883eb686ed27376d5130a62db", "model": "thumbnail.kvstore", "fields": {"value": "[\"5ea276559783e1b7c8ea75f430a46e63\"]"}}, {"pk": "sorl-thumbnail||thumbnails||d757236bcc787c010d9e91ef435ed7c7", "model": "thumbnail.kvstore", "fields": {"value": "[\"d97b9df65bf3a671ea98091a55665c08\"]"}}, {"pk": "sorl-thumbnail||thumbnails||da5723bbd2eff440e47309282b9f4b56", "model": "thumbnail.kvstore", "fields": {"value": "[\"f7247f024e8bce6ffcafb6519ee221b8\"]"}}, {"pk": "sorl-thumbnail||thumbnails||eb25c53b58b4dbd5e61fbc2d0a2b1b42", "model": "thumbnail.kvstore", "fields": {"value": "[\"21c920e5070142cac2fefef93894b331\"]"}}, {"pk": "sorl-thumbnail||thumbnails||ec066b4d26e29e531e0009cdc0a9c69d", "model": "thumbnail.kvstore", "fields": {"value": "[\"2fe64c4a5d26b12d006f1de32b12db8f\"]"}}, {"pk": "sorl-thumbnail||thumbnails||ef55ee5728e1d057fe2ad73c91a424b6", "model": "thumbnail.kvstore", "fields": {"value": "[\"b8b118390fc185f78b00bcedf7924ffe\"]"}}, {"pk": "sorl-thumbnail||thumbnails||fb56b2bc89cdecd7f90e09c498cc151e", "model": "thumbnail.kvstore", "fields": {"value": "[\"cbd3609bf6f623612e2446dc7883a491\"]"}}, {"pk": 3, "model": "account.emailaddress", "fields": {"verified": false, "user": ["gaidys"], "primary": true, "email": "tavotevs@gmail.com"}}, {"pk": 4, "model": "account.emailaddress", "fields": {"verified": false, "user": ["karolis"], "primary": true, "email": "karolis@gmail.com"}}, {"pk": 5, "model": "account.emailaddress", "fields": {"verified": false, "user": ["nesamone"], "primary": true, "email": "nesamone@gmail.com"}}, {"pk": 6, "model": "account.emailaddress", "fields": {"verified": false, "user": ["greta"], "primary": true, "email": "gretaduxe@gmail.com"}}, {"pk": 7, "model": "account.emailaddress", "fields": {"verified": false, "user": ["wtf"], "primary": true, "email": "wtf@wtf.com"}}]